url,title,mood_tags,character,stack,host,static_or_dynamic,why_note,nsfw,source
https://1mb.club,"The 1MB Club",think;beautiful,minimal_static,,,,"A directory of sites weighing under 1MB — a quiet manifesto that fast is a feature, not a compromise.",false,"512kb.club ecosystem"
https://512kb.club,"The 512KB Club",think,minimal_static,jekyll,,static,"The stricter sibling: personal sites under 512KB, badge-of-honour for the performance-obsessed.",false,"awesome minimal web"
https://250kb.club,"The 250KB Club",think,minimal_static,,,,"An even leaner club — proof that a whole website can be smaller than one stock photo.",false,"512kb.club ecosystem"
https://brutalist-web.design,"Brutalist Web Design",learn;beautiful,minimal_static,static_html,aws_s3,static,"A guidelines site that argues raw, content-first HTML is its own aesthetic — and demonstrates it.",false,"brutalist web movement"
https://motherfuckingwebsite.com,"Motherfucking Website",think,minimal_static,,,,"The original polemic: one unstyled page proving how little you actually need to publish.",false,"minimalism classics"
https://bettermotherfuckingwebsite.com,"Better Motherfucking Website",think;learn,minimal_static,,,,"The tongue-in-cheek rebuttal that adds seven lines of CSS and calls it a day.",false,"minimalism classics"
https://thebestmotherfucking.website,"The Best Motherfucking Website",think,minimal_static,static_html,github_pages,static,"The escalation of the joke — a readable minimalist page that critiques the critique.",false,"minimalism classics"
https://justinjackson.ca,"This Is a Web Page",think,minimal_static,,,,"Justin Jackson's viral single page on what the web is actually for — words, and that's enough.",false,"HN Show HN"
https://sive.rs,"Derek Sivers",think;learn,minimal_static,,,,"Blazing-fast personal site of a serial founder; every essay is short, contrarian, and load-instantly.",false,"personal sites"
https://danluu.com,"Dan Luu",learn;think,minimal_static,,,static,"Unstyled plain-text engineering essays with unusually rigorous data — substance over polish.",false,"HN favourites"
https://jvns.ca,"Julia Evans",learn,minimal_static,hugo,netlify,static,"Approachable deep-dives on Linux, networking and debugging, famous for hand-drawn zines.",false,"personal sites"
https://gwern.net,"Gwern.net",learn;think,minimal_static,,,static,"An obsessively cross-linked research garden on everything from statistics to darknet markets.",false,"digital gardens"
https://paulgraham.com,"Paul Graham Essays",think;learn,minimal_static,,,,"The archetypal essay site — no nav, no images, just decades of startup and life thinking.",false,"minimalism classics"
https://text.npr.org,"NPR Text-Only",useful,minimal_static,,,,"NPR's news stripped to headlines and text — the fastest serious news site on the web.",false,"minimal web lists"
https://legiblenews.com,"Legible News",useful,minimal_static,static_html,fly,,"A calm daily news digest with no ads, no tracking, and a deliberately boring layout.",false,"HN Show HN"
https://plaintextsports.com,"Plain Text Sports",useful,minimal_static,static_html,aws_s3,static,"Live scores in monospace text that loads in milliseconds — sports for people who hate sports sites.",false,"HN Show HN"
https://neustadt.fr,"Neustadt.fr",beautiful;think,minimal_static,,,,"Tobias van Schneider-adjacent restraint: a personal site that feels like a well-made notebook.",false,"personal sites"
https://100r.co,"Hundred Rabbits",think;learn,minimal_static,static_html,github_pages,static,"A collective living on a sailboat building resilient, low-power software; radical self-sufficiency online.",false,"indie tech"
https://wiki.xxiivv.com,"XXIIVV Wiki",learn;beautiful,minimal_static,static_html,github_pages,static,"Devine Lu Linvega's hand-crafted knowledge wiki — a lifetime of tools, art and notes in one lattice.",false,"digital gardens"
https://www.gutenberg.org,"Project Gutenberg",useful;learn,minimal_static,,,,"70,000+ free public-domain books, the internet's oldest and plainest library.",false,"reference classics"
https://plaintextaccounting.org,"Plain Text Accounting",useful;learn,minimal_static,,,,"A hub for tracking money in plain text files — the anti-app approach to personal finance.",false,"HN favourites"
https://drewdevault.com,"Drew DeVault's Blog",think;learn,minimal_static,,,,"Opinionated, uncompromising writing on free software from the creator of SourceHut.",false,"personal sites"
https://fabiensanglard.net,"Fabien Sanglard",learn,minimal_static,,,,"Beautifully detailed teardowns of game engines and old hardware, in spartan HTML.",false,"HN favourites"
https://www.nayuki.io,"Project Nayuki",learn;useful,minimal_static,,,,"Clean mathematical and programming articles, each with runnable code and no filler.",false,"HN favourites"
https://stephango.com,"Steph Ango",think;beautiful,minimal_static,static_html,netlify,static,"The Obsidian CEO's personal site — a tidy, principled collection of life notes and file-over-app philosophy.",false,"personal sites"
https://bearblog.dev,"Bear Blog",useful;think,minimal_static,,,,"A blogging platform that ships pages under 50KB with zero JavaScript by default.",false,"indie platforms"
https://midnight.pub,"The Midnight Pub",waste_time;think,minimal_static,,,,"A cozy fictional tavern where strangers leave text posts — social media as a quiet late-night bar.",false,"small web"
https://sourcehut.org,"SourceHut",useful,minimal_static,hugo,,static,"A software forge that works entirely without JavaScript — email-driven, fast, principled.",false,"indie tech"
https://acoup.blog,"A Collection of Unmitigated Pedantry",learn;think,minimal_static,,,,"A historian's wildly readable long essays on how ancient warfare and society actually worked.",false,"blog roll"
https://www.filfre.net,"The Digital Antiquarian",learn;think,minimal_static,wordpress,,,"Book-length history of computer games, treated with the seriousness of literary criticism.",false,"blog roll"
https://longnow.org,"The Long Now Foundation",think;learn,minimal_static,astro,netlify,static,"An institution devoted to 10,000-year thinking — the 'Clock of the Long Now' and slow essays.",false,"think web"
https://ciechanow.ski,"Bartosz Ciechanowski",learn;beautiful,modern_indie,,,,"Jaw-dropping interactive explainers on gears, GPS and light — each one a small masterpiece.",false,"HN favourites"
https://waitbutwhy.com,"Wait But Why",learn;think,modern_indie,,,,"Stick-figure long-reads that make AI, space and procrastination genuinely gripping.",false,"blog roll"
https://neal.fun,"Neal.fun",waste_time;learn,modern_indie,nuxt,,static,"A playground of interactive toys — 'The Deep Sea', 'Spend Bill Gates' Money', 'Absurd Trolley Problems'.",false,"HN Show HN"
https://www.mathigon.org,"Mathigon",learn;beautiful,modern_indie,,,,"A 'textbook of the future' — interactive, courseware-quality maths you can actually play with.",false,"education web"
https://pudding.cool,"The Pudding",learn;beautiful,modern_indie,sveltekit,aws_s3,static,"Visual essays that explain culture with data — scrollytelling done at the highest level.",false,"dataviz web"
https://www.redblobgames.com,"Red Blob Games",learn;beautiful,modern_indie,,,,"Interactive tutorials on game algorithms (pathfinding, hex grids) that set the standard for the genre.",false,"HN favourites"
https://ncase.me,"Nicky Case",learn;waste_time,modern_indie,static_html,github_pages,static,"Playable explanations of trust, systems and mental health — games that teach you something true.",false,"interactive essays"
https://explorabl.es,"Explorable Explanations",learn;think,modern_indie,static_html,github_pages,static,"A hub collecting interactive, learn-by-playing essays across science and society.",false,"interactive essays"
https://distill.pub,"Distill",learn;beautiful,modern_indie,,,,"The archived journal that reinvented how machine-learning research is explained visually.",false,"ML web"
https://www.visualcinnamon.com,"Visual Cinnamon",beautiful;learn,modern_indie,static_html,netlify,static,"Nadieh Bremer's dazzling, hand-crafted data-art visualisations and how she makes them.",false,"dataviz web"
https://tympanus.net,"Codrops",beautiful;learn,modern_indie,wordpress,,,"Bleeding-edge web animation and layout experiments that front-end developers mine for ideas.",false,"design web"
https://www.awwwards.com,"Awwwards",beautiful,modern_indie,,,static,"The daily awards site that curates the most ambitious web design on the internet.",false,"Awwwards"
https://www.siteinspire.com,"SiteInspire",beautiful,modern_indie,,,,"A tightly-curated gallery of clean, high-craft website design for inspiration.",false,"SiteInspire"
https://www.thisismold.com,"MOLD",beautiful;think,modern_indie,wordpress,,,"A magazine about designing the future of food — gorgeous, weird, and genuinely thoughtful.",false,"design web"
https://aeon.co,"Aeon",think;learn,modern_indie,nextjs,vercel,static,"Ad-light long essays on philosophy, science and the human condition from serious writers.",false,"think web"
https://www.themarginalian.org,"The Marginalian",think;learn,modern_indie,wordpress,,,"Maria Popova's decade-plus of reflections on art, science and meaning — deeply cross-referenced.",false,"blog roll"
https://kk.org,"Kevin Kelly",think;learn,modern_indie,wordpress,,,"The founding WIRED editor's essays and famous '68 Bits of Advice' — optimistic futurism.",false,"think web"
https://www.brainpickings.org,"Brain Pickings",think;learn,modern_indie,wordpress,,,"The former name of The Marginalian's archive — a vast web of literary and scientific wonder.",false,"blog roll"
https://everyuuid.com,"Every UUID",waste_time,modern_indie,,,static,"A site that lets you 'browse' all 340 undecillion UUIDs — beautifully pointless engineering.",false,"HN Show HN"
https://www.windows93.net,"Windows 93",waste_time,modern_indie,,,,"A surreal parody OS that runs in your browser, full of hidden apps and internet-art jokes.",false,"net art"
https://pointerpointer.com,"Pointer Pointer",waste_time,modern_indie,,,,"Move your cursor and a photo of someone pointing exactly at it appears — perfect useless delight.",false,"useless web"
https://theuselessweb.com,"The Useless Web",waste_time,modern_indie,static_html,netlify,static,"One button that throws you at a random gloriously pointless website — serendipity as a service.",false,"useless web"
https://cat-bounce.com,"Cat Bounce",waste_time,modern_indie,,,,"Physics-enabled cats rain down and bounce on your screen. That is the entire site.",false,"useless web"
https://weavesilk.com,"Silk",beautiful;waste_time,modern_indie,,,,"Draw symmetrical, glowing generative art with your mouse — instantly meditative.",false,"generative art"
https://www.patatap.com,"Patatap",beautiful;waste_time,modern_indie,,,,"Press any key for a burst of colour and sound — a synaesthetic instrument in the browser.",false,"net art"
https://stars.chromeexperiments.com,"100,000 Stars",beautiful;learn,modern_indie,,,,"A Google WebGL tour of our stellar neighbourhood — vast, gorgeous and quietly humbling.",false,"Chrome Experiments"
https://neal.fun/deep-sea,"The Deep Sea",learn;beautiful,modern_indie,,,,"Scroll from the surface to the Mariana Trench and meet every creature at its true depth.",false,"HN Show HN"
https://window-swap.com,"WindowSwap",beautiful;waste_time,modern_indie,,aws_s3,static,"Look out of a stranger's window somewhere in the world — a pandemic-born hit of calm.",false,"HN Show HN"
https://radio.garden,"Radio Garden",waste_time;learn,modern_indie,,,static,"Spin a 3D globe and tune into any live local radio station on Earth.",false,"HN Show HN"
https://earth.fm,"Earth.fm",beautiful;useful,modern_indie,gatsby,netlify,static,"A free library of immersive nature field recordings from around the planet.",false,"calm web"
https://www.mynoise.net,"myNoise",useful;beautiful,modern_indie,,,,"Richly configurable background noise generators — from rain to café to Tibetan bowls.",false,"calm web"
https://asoftmurmur.com,"A Soft Murmur",useful,modern_indie,,,static,"Mix rain, thunder, waves and coffee-shop hum into your own ambient soundscape.",false,"calm web"
https://www.rainymood.com,"Rainy Mood",useful,modern_indie,,,,"The original endless-rain website — a decade-plus of helping people focus and sleep.",false,"calm web"
https://drawing.garden,"Drawing Garden",beautiful;waste_time,modern_indie,static_html,github_pages,static,"Drag your mouse to grow flowers and plants with gentle sound — pure generative calm.",false,"net art"
https://bruno-simon.com,"Bruno Simon",beautiful;waste_time,modern_indie,,,,"A WebGL portfolio you drive around as a toy car — the most-shared 'wow' dev site.",false,"Awwwards"
https://lynnandtonic.com,"Lynn Fisher",beautiful;waste_time,modern_indie,static_html,netlify,static,"A personal site that redesigns itself dramatically at every screen width — playful CSS mastery.",false,"personal sites"
https://koaning.io,"Vincent Warmerdam",learn;think,modern_indie,static_html,netlify,static,"Contrarian, practical essays and talks on data science that cut against the hype.",false,"personal sites"
https://maggieappleton.com,"Maggie Appleton",learn;beautiful,modern_indie,astro,vercel,static,"An anthropologist-designer's illustrated digital garden on tools for thought.",false,"digital gardens"
https://andymatuschak.org,"Andy Matuschak",think;learn,modern_indie,,,,"A working-notes site that pioneered public 'evergreen notes' and networked thought.",false,"digital gardens"
https://notes.andymatuschak.org,"Andy Matuschak's Notes",think;learn,modern_indie,,,static,"The actual stacked-notes interface that made digital gardens go mainstream.",false,"digital gardens"
https://tomcritchlow.com,"Tom Critchlow",think,modern_indie,,,,"Essays on strategy, blogging and 'the small web' from a thoughtful independent consultant.",false,"blog roll"
https://www.robinsloan.com,"Robin Sloan",think;beautiful,modern_indie,,,static,"A novelist's warm, weird corner of the web about media, olive oil and the future.",false,"personal sites"
https://craigmod.com,"Craig Mod",think;beautiful,modern_indie,hugo,,static,"Long walks across Japan turned into beautifully-typeset essays and photo pieces.",false,"personal sites"
https://www.gwern.net/index,"Gwern Index",learn;think,minimal_static,,,static,"The site map into Gwern's research warren — start here to get lost productively.",false,"digital gardens"
https://experiments.withgoogle.com,"Google Experiments",beautiful;learn,modern_indie,,,,"A gallery of playful AI, AR and web experiments — always something surprising to try.",false,"Chrome Experiments"
https://www.chromeexperiments.com,"Chrome Experiments",beautiful;learn,modern_indie,,,,"The long-running showcase of what's possible with open web tech in the browser.",false,"Chrome Experiments"
https://css-tricks.com,"CSS-Tricks",learn;useful,modern_indie,,,,"The reference blog a generation of front-end developers grew up learning from.",false,"design web"
https://www.smashingmagazine.com,"Smashing Magazine",learn;useful,modern_indie,static_html,netlify,static,"Deep, practical articles on web design and development, minus the fluff.",false,"design web"
https://a11yproject.com,"The A11Y Project",useful;learn,modern_indie,static_html,netlify,static,"A community-driven, checklist-first guide to making the web accessible to everyone.",false,"design web"
https://www.typewolf.com,"Typewolf",beautiful;useful,modern_indie,,,,"What's trending in type — real-world font pairings curated with an obsessive eye.",false,"design web"
https://fontsinuse.com,"Fonts In Use",beautiful;learn,modern_indie,,,,"An archive documenting typography in the wild, indexed by typeface, industry and era.",false,"design web"
https://www.dafont.com,"DaFont",useful,modern_indie,,,,"The sprawling free-font warehouse every hobbyist designer has raided at least once.",false,"tools web"
https://coolors.co,"Coolors",useful;beautiful,modern_indie,,,,"Hit spacebar to generate colour palettes — the fastest way out of a design rut.",false,"tools web"
https://www.photopea.com,"Photopea",useful,modern_indie,,,,"A full Photoshop-class image editor that runs free in your browser with no signup.",false,"tools web"
https://squoosh.app,"Squoosh",useful,modern_indie,,netlify,static,"Google's in-browser image compressor with live before/after — no upload, all local.",false,"tools web"
https://excalidraw.com,"Excalidraw",useful,modern_indie,,vercel,static,"Hand-drawn-style diagrams that are quick, collaborative and delightfully low-fidelity.",false,"tools web"
https://www.tldraw.com,"tldraw",useful;waste_time,modern_indie,,vercel,static,"An infinite whiteboard that's genuinely fun to doodle on and quietly very powerful.",false,"tools web"
https://regex101.com,"regex101",useful,modern_indie,,,,"Build and debug regular expressions with live explanation — the tool that finally makes regex legible.",false,"tools web"
https://it-tools.tech,"IT Tools",useful,modern_indie,,,static,"A single clean page bundling dozens of dev utilities — encoders, converters, generators.",false,"tools web"
https://gchq.github.io/CyberChef/,"CyberChef",useful,modern_indie,static_html,github_pages,static,"GCHQ's open-source 'cyber swiss-army knife' for encoding, encryption and data wrangling.",false,"GitHub awesome"
https://carbon.now.sh,"Carbon",useful;beautiful,modern_indie,nextjs,vercel,,"Turn source code into gorgeous shareable images — the reason your feed looks so polished.",false,"tools web"
https://ray.so,"Ray.so",useful;beautiful,modern_indie,nextjs,vercel,static,"Another beautiful code-to-image tool from the Raycast team, with tasteful presets.",false,"tools web"
https://tinypng.com,"TinyPNG",useful,modern_indie,nextjs,,static,"Smart lossy PNG/JPEG compression that shrinks images without visibly hurting them.",false,"tools web"
https://www.remove.bg,"remove.bg",useful,modern_indie,,,,"Drop in a photo and get a clean cut-out background in seconds — genuinely magic the first time.",false,"tools web"
https://transform.tools,"Transform",useful,modern_indie,nextjs,vercel,static,"Paste JSON, CSS, GraphQL or SQL and instantly convert between formats and languages.",false,"tools web"
https://www.desmos.com,"Desmos",useful;learn,modern_indie,,,,"A graphing calculator so good and so fast it changed how maths is taught online.",false,"education web"
https://www.geogebra.org,"GeoGebra",useful;learn,modern_indie,nextjs,,static,"Interactive geometry, algebra and calculus — a whole maths lab in the browser.",false,"education web"
https://www.wolframalpha.com,"WolframAlpha",useful;learn,modern_indie,nextjs,,,"A computational knowledge engine that answers questions maths, science and beyond.",false,"reference classics"
https://everytimezone.com,"Every Time Zone",useful,modern_indie,static_html,render,,"A dead-simple horizontal view of time across the world — the remote worker's default tab.",false,"tools web"
https://time.is,"Time.is",useful,modern_indie,,,,"Exact synchronised time anywhere on Earth, plus tidy time-zone comparisons.",false,"tools web"
https://www.random.org,"RANDOM.ORG",useful,modern_indie,,,,"True randomness from atmospheric noise — dice, draws and lists you can actually trust.",false,"reference classics"
https://ninite.com,"Ninite",useful,modern_indie,,,,"Pick your apps, get one installer that sets up a fresh Windows machine painlessly.",false,"tools web"
https://untools.co,"Untools",useful;learn,modern_indie,gatsby,,static,"A tidy collection of thinking tools and mental models for making better decisions.",false,"tools web"
https://sha256algorithm.com,"SHA-256 Animation",learn;beautiful,modern_indie,react_spa,netlify,static,"Watch a SHA-256 hash get computed step by step — cryptography made visible.",false,"HN Show HN"
https://cryptii.com,"Cryptii",useful;learn,modern_indie,,,,"A modular playground for classic and modern ciphers — chain encoders like Lego.",false,"tools web"
https://www.mapcrunch.com,"MapCrunch",waste_time;beautiful,modern_indie,,,,"Get teleported to a random Street View spot on Earth — armchair travel roulette.",false,"useless web"
https://neal.fun/space-elevator,"Space Elevator",learn;waste_time,modern_indie,,,,"Scroll from the ground to geostationary orbit and learn what's at every altitude.",false,"HN Show HN"
https://staggeringbeauty.com,"Staggering Beauty",waste_time,modern_indie,,,,"Shake your mouse and a worm goes berserk — silly, seizure-warning-carrying net art.",false,"useless web"
https://koalastothemax.com,"Koalas to the Max",waste_time;beautiful,modern_indie,,,,"Click to subdivide dots until a hidden image resolves — strangely satisfying.",false,"useless web"
https://paint.js.org,"JS Paint",waste_time;useful,modern_indie,,,,"A pixel-perfect recreation of MS Paint that runs in your browser, dithering and all.",false,"GitHub awesome"
https://www.stumbleupon.com,"StumbleUpon (archive)",think,modern_indie,nextjs,,,"The spiritual ancestor of this whole project — worth studying even in its wound-down state.",false,"project research"
https://neocities.org,"Neocities",waste_time;beautiful,retro_personal,,,,"The modern rebirth of GeoCities — a whole galaxy of hand-made personal homepages.",false,"Neocities"
https://neocities.org/browse,"Neocities Browse",waste_time;beautiful,retro_personal,,,,"The firehose of newly-updated Neocities sites — endless serendipity if you like the old web.",false,"Neocities"
https://yesterweb.org,"The Yesterweb",think;learn,retro_personal,,,,"A community and manifesto for reclaiming the personal, non-corporate web.",false,"small web"
https://sadgrl.online,"Sadgrl Online",beautiful;learn,retro_personal,astro,,static,"A beloved Neocities hub with webmastery tutorials and a famous layout generator.",false,"Neocities"
https://wiby.me,"Wiby",waste_time;think,retro_personal,,,,"A search engine for the old, personal web — hit 'surprise me' for a random vintage page.",false,"Wiby"
https://wiby.me/surprise,"Wiby Surprise",waste_time,retro_personal,,,,"One click drops you on a random hand-made classic-web page. The purest StumbleUpon energy left.",false,"Wiby"
https://href.cool,"href.cool",beautiful;think,retro_personal,,,,"Kicks Condor's hand-sorted directory of the interesting web — a curator's love letter.",false,"small web"
https://indieweb.org,"IndieWeb",learn;think,retro_personal,,,static,"The movement and wiki for owning your own content and identity on the web.",false,"small web"
https://xn--sr8hvo.ws,"IndieWeb Webring 🕸💍",waste_time,retro_personal,,,,"A webring stitching together independent personal sites — click through the neighbourhood.",false,"small web"
https://webring.xxiivv.com,"XXIIVV Webring",beautiful;waste_time,retro_personal,static_html,github_pages,static,"A curated ring of artist and developer sites, each hand-built and worth a wander.",false,"small web"
https://tilde.club,"tilde.club",learn;think,retro_personal,,,,"A shared UNIX server where members build old-school ~username homepages together.",false,"tildeverse"
https://tilde.town,"tilde.town",waste_time;learn,retro_personal,,,static,"A friendly public-access community computer — a whole social world in a terminal.",false,"tildeverse"
https://www.tildeverse.org,"The Tildeverse",learn;think,retro_personal,,,,"The network of tilde communities keeping communal, text-first computing alive.",false,"tildeverse"
https://textfiles.com,"textfiles.com",learn;think,retro_personal,,,,"Jason Scott's vast archive of the text files that were the culture of the BBS era.",false,"digital archives"
https://cameronsworld.net,"Cameron's World",beautiful;waste_time,old_web,,,,"A loving collage assembled from thousands of deleted GeoCities pages — the old web as art.",false,"net art"
https://www.spacejam.com/1996,"Space Jam (1996)",waste_time;beautiful,old_web,,,,"Warner Bros. lovingly preserved the original 1996 Space Jam site, star-field background and all.",false,"web history"
https://www.dolekemp96.org,"Dole/Kemp '96",think;learn,old_web,,,static,"The first US presidential campaign website, kept online unchanged since 1996.",false,"web history"
https://info.cern.ch,"The First Website",learn;think,old_web,,,,"A restoration of the world's first web page, where Tim Berners-Lee explained the WWW.",false,"web history"
https://www.mcsweeneys.net,"McSweeney's Internet Tendency",think;waste_time,old_web,,,,"Dave Eggers' literary humour site, running its plain layout since 1998 and still funny.",false,"web history"
https://www.pcjs.org,"PCjs Machines",learn;waste_time,old_web,static_html,github_pages,static,"Boot real vintage computers (IBM PC, early Macs) emulated right in your browser.",false,"emulation"
https://archive.org,"Internet Archive",useful;learn,old_web,,,,"The Wayback Machine and a bottomless library of old software, books, music and film.",false,"digital archives"
https://oldweb.today,"oldweb.today",learn;waste_time,old_web,static_html,github_pages,static,"Browse the archived web through emulated period browsers — Netscape on a modern machine.",false,"emulation"
https://poolside.fm,"Poolside FM",waste_time;beautiful,retro_personal,,netlify,static,"An 80s-holiday-vibes music player wrapped in a pixel-perfect retro OS interface.",false,"net art"
https://hackertyper.net,"Hacker Typer",waste_time,modern_indie,static_html,github_pages,static,"Mash the keyboard and 'write' Hollywood hacker code — the office-prank classic.",false,"useless web"
https://geocities.restorativland.org,"GeoCities Gallery",beautiful;waste_time,old_web,,,,"A browsable resurrection of GeoCities neighbourhoods from the great archive rescue.",false,"digital archives"
https://theoldnet.com,"The Old Net",waste_time;learn,old_web,,,,"A proxy that serves the archived web reformatted for genuine vintage browsers.",false,"emulation"
https://neonaut.neocities.org,"Neonaut",beautiful;waste_time,retro_personal,,,,"A gorgeous, deeply-crafted Neocities site that shows how far the old-web aesthetic can go.",false,"Neocities"
https://32bit.cafe,"32-Bit Cafe",learn;think,retro_personal,,,,"A welcoming community dedicated to teaching people to build their own personal websites again.",false,"small web"
https://blinkies.cafe,"blinkies.cafe",beautiful;waste_time,retro_personal,,,,"Generate your own animated 'blinkie' graphics — pure 2003 web-button nostalgia, made fresh.",false,"small web"
https://status.cafe,"status.cafe",waste_time;think,retro_personal,,,,"Post a one-line status and a mood — social media shrunk back to something human and tiny.",false,"small web"
https://nekoweb.org,"Nekoweb",beautiful;waste_time,retro_personal,,,,"A newer free host for hand-coded static sites, home to a thriving creative-personal-web scene.",false,"small web"
https://ooh.directory,"ooh.directory",useful;waste_time,retro_personal,,,,"A lovingly-maintained directory of active personal blogs, browsable by topic — start wandering.",false,"blog discovery"
https://blogroll.org,"Blogroll.org",useful;waste_time,retro_personal,,,,"A curated index of independent blogs, built to help you find writing outside the algorithm.",false,"blog discovery"
https://indieblog.page,"IndieBlog.page",waste_time;think,retro_personal,,,,"One button flings you to a random post from an independent blog — StumbleUpon for writing.",false,"blog discovery"
https://theforest.link,"The Forest",waste_time;beautiful,retro_personal,,,,"A hand-tended trail through personal and artistic websites — a curated walk, not a search box.",false,"small web"
https://search.marginalia.nu,"Marginalia Search",useful;think,retro_personal,,,,"A search engine that deliberately favours small, text-heavy, non-commercial sites the big engines bury.",false,"small web"
https://old-search.marginalia.nu,"Marginalia (Old)",useful;think,retro_personal,,,,"The classic Marginalia interface — a random-mode button that surfaces genuinely obscure pages.",false,"small web"
https://searchmysite.net,"searchmysite.net",useful;think,retro_personal,,,,"An open search engine indexing only independent, personally-run websites — no SEO spam by design.",false,"small web"
https://kagi.com/smallweb,"Kagi Small Web",waste_time;beautiful,retro_personal,,,,"A live feed of fresh posts from thousands of small personal blogs, curated by Kagi.",false,"small web"
https://www.are.na,"Are.na",beautiful;think,retro_personal,nextjs,vercel,,"A calm, ad-free tool for collecting and connecting ideas visually — the anti-Pinterest.",false,"creative web"
https://cari.institute,"CARI",learn;beautiful,retro_personal,,,,"The Consumer Aesthetics Research Institute — a serious archive naming the internet's visual eras.",false,"aesthetics web"
https://webneko.net,"Web Neko",waste_time,retro_personal,,,,"Adopt a little cartoon cat that chases your cursor around the page — a beloved old-web widget.",false,"small web"
https://digital.garden,"Digital Garden Directory",learn;useful,retro_personal,,,static,"A directory pointing to dozens of public digital gardens if you want to fall down the note-web.",false,"digital gardens"
https://joshwcomeau.com,"Josh W. Comeau",learn;beautiful,modern_indie,nextjs,vercel,static,"Delightfully interactive front-end tutorials with animations that teach as you scroll.",false,"design web"
https://www.joshwcomeau.com/blog,"Josh Comeau's Blog",learn;beautiful,modern_indie,nextjs,vercel,static,"Some of the best-explained CSS and React writing on the web, packed with live demos.",false,"design web"
https://lea.verou.me,"Lea Verou",learn;think,modern_indie,static_html,netlify,static,"A CSS-standards insider's sharp writing on the language and web design at large.",false,"personal sites"
https://adactio.com,"Adactio",think;learn,minimal_static,,,,"Jeremy Keith's decades-long journal — a steady voice for a humane, resilient web.",false,"blog roll"
https://simonwillison.net,"Simon Willison's Weblog",learn;useful,minimal_static,,,,"A relentless stream of 'today I learned' notes on Python, LLMs and building in the open.",false,"blog roll"
https://blog.jim-nielsen.com,"Jim Nielsen's Blog",learn;think,minimal_static,static_html,netlify,static,"Thoughtful, craft-focused writing on the web platform from an indie designer-developer.",false,"blog roll"
https://frankchimero.com,"Frank Chimero",think;beautiful,minimal_static,static_html,github_pages,static,"A designer's quietly profound essays on making things and paying attention.",false,"personal sites"
https://daringfireball.net,"Daring Fireball",think;useful,minimal_static,,,,"John Gruber's spartan, opinionated Apple-and-media commentary — a blogging institution.",false,"blog roll"
https://kottke.org,"kottke.org",think;waste_time,minimal_static,,,,"One of the oldest blogs still running — a daily miscellany of the genuinely interesting.",false,"blog roll"
https://waxy.org,"Waxy.org",think;waste_time,minimal_static,wordpress,,,"Andy Baio's long-running links blog, a reliable source of net-culture curiosities.",false,"blog roll"
https://pluralistic.net,"Pluralistic",think;learn,minimal_static,wordpress,,,"Cory Doctorow's daily, tracker-free posts on tech, power and 'enshittification'.",false,"blog roll"
https://idlewords.com,"Idle Words",think;learn,minimal_static,,,,"Maciej Cegłowski's razor-sharp, funny talks on tech and society, in plain HTML.",false,"blog roll"
https://www.mcmansionhell.com,"McMansion Hell",learn;waste_time,modern_indie,,,,"Kate Wagner roasts bloated suburban architecture while genuinely teaching you design.",false,"blog roll"
https://tonsky.me,"Tonsky.me",learn;think,minimal_static,,,,"Nikita Prokopov's exacting essays on software quality and why modern apps feel broken.",false,"blog roll"
https://rachelbythebay.com/w/,"Rachel by the Bay",learn;think,minimal_static,,,,"Unvarnished operations war-stories in stark text — hard-won lessons from real systems.",false,"blog roll"
https://xeiaso.net,"Xe Iaso",learn;think,minimal_static,,,,"An indie engineer's blog mixing deep technical posts with a warm, distinctive voice.",false,"blog roll"
https://manuelmoreale.com,"Manuel Moreale",think;learn,minimal_static,,,,"Home of the 'People and Blogs' interview series celebrating the personal-website world.",false,"blog roll"
https://joelonsoftware.com,"Joel on Software",learn;think,minimal_static,,,,"Foundational essays on software and management that shaped a generation of developers.",false,"blog roll"
https://blog.codinghorror.com,"Coding Horror",learn;think,minimal_static,ghost,,,"Jeff Atwood's long-running blog on programming and the humans who do it.",false,"blog roll"
https://eev.ee,"fuzzy notepad",think;learn,minimal_static,,,,"Eevee's wide-ranging, personable writing on code, games and internet life.",false,"blog roll"
https://www.ribbonfarm.com,"Ribbonfarm",think,minimal_static,,,,"Venkatesh Rao's 'refactored perception' — dense, original essays on systems and culture.",false,"think web"
https://meltingasphalt.com,"Melting Asphalt",think,minimal_static,,,,"Kevin Simler's unusually deep essays on human behaviour, ritual and self-deception.",false,"think web"
https://slimemoldtimemold.com,"Slime Mold Time Mold",think;learn,minimal_static,wordpress,,,"Anonymous collective writing playful, rigorous investigations into science's weird corners.",false,"think web"
https://fs.blog,"Farnam Street",learn;think,modern_indie,,,,"A well-organised library of mental models and clear-thinking essays.",false,"think web"
https://marginalrevolution.com,"Marginal Revolution",think;learn,minimal_static,,,,"Two economists' relentless daily blog of ideas, links and contrarian takes.",false,"think web"
https://slatestarcodex.com,"Slate Star Codex",think,minimal_static,,,,"The archived home of some of the most-discussed rationalist essays on the internet.",false,"think web"
https://www.quantamagazine.org,"Quanta Magazine",learn;think,modern_indie,,,,"Award-winning, genuinely rigorous journalism on maths, physics and biology.",false,"science web"
https://nautil.us,"Nautilus",learn;think,modern_indie,nextjs,,dynamic,"A science magazine that reads like literature, connecting big ideas across fields.",false,"science web"
https://psyche.co,"Psyche",think;learn,modern_indie,nextjs,vercel,static,"Aeon's sister site on how to live — psychology and philosophy for everyday life.",false,"think web"
https://fermatslibrary.com,"Fermat's Library",learn;think,modern_indie,,,,"Famous scientific papers, annotated in the margins so you can actually follow them.",false,"science web"
https://ourworldindata.org,"Our World in Data",learn;useful,modern_indie,,,,"Rigorous, beautifully-charted data on poverty, health, energy and how the world is changing.",false,"dataviz web"
https://www.gapminder.org,"Gapminder",learn;beautiful,modern_indie,,,static,"Hans Rosling's project to fight ignorance with animated, fact-based world statistics.",false,"dataviz web"
https://xkcd.com,"xkcd",waste_time;think,modern_indie,,,,"The webcomic of romance, sarcasm, math and language — required reading for the internet.",false,"webcomics"
https://what-if.xkcd.com,"What If?",learn;waste_time,modern_indie,,,,"Randall Munroe answers absurd hypothetical questions with real physics and stick figures.",false,"webcomics"
https://www.smbc-comics.com,"Saturday Morning Breakfast Cereal",waste_time;think,modern_indie,,,,"Sharp, nerdy single-panel comics that hide a philosophy lecture in every punchline.",false,"webcomics"
https://qwantz.com,"Dinosaur Comics",waste_time;think,modern_indie,,,,"The same six dinosaur panels every day, yet somehow endlessly, cleverly different.",false,"webcomics"
https://existentialcomics.com,"Existential Comics",think;waste_time,modern_indie,,,,"Philosophy explained through comics, with a genuinely educational essay under each strip.",false,"webcomics"
https://setosa.io,"Explained Visually",learn;beautiful,modern_indie,static_html,github_pages,static,"Interactive, play-with-it explanations of tricky concepts like eigenvectors and Markov chains.",false,"interactive essays"
https://visualgo.net,"VisuAlgo",learn;beautiful,modern_indie,,,,"Watch data structures and algorithms animate step-by-step — a CS student's secret weapon.",false,"education web"
https://colah.github.io,"Colah's Blog",learn;beautiful,modern_indie,static_html,github_pages,static,"Christopher Olah's landmark visual explanations of neural networks and topology.",false,"ML web"
https://quantum.country,"Quantum Country",learn;think,modern_indie,,,static,"A 'mnemonic medium' essay that embeds spaced-repetition so quantum computing actually sticks.",false,"interactive essays"
https://learngitbranching.js.org,"Learn Git Branching",learn;useful,modern_indie,,,,"The best way to finally understand git — a visual, interactive branching sandbox.",false,"education web"
https://roadmap.sh,"roadmap.sh",learn;useful,modern_indie,,,,"Community-drawn learning roadmaps for every developer role, from frontend to DevOps.",false,"education web"
https://exercism.org,"Exercism",learn,modern_indie,,,,"Free coding practice in 70+ languages with real human mentorship — no gamified fluff.",false,"education web"
https://projecteuler.net,"Project Euler",learn;think,minimal_static,,,,"Mathematical programming puzzles that reward insight over brute force — a rite of passage.",false,"education web"
https://adventofcode.com,"Advent of Code",learn;waste_time,minimal_static,,,,"An annual advent calendar of increasingly fiendish programming puzzles, with a cult following.",false,"education web"
https://overthewire.org,"OverTheWire",learn;waste_time,minimal_static,,,static,"Security 'wargames' that teach you to think like a hacker, one level at a time.",false,"education web"
https://cryptopals.com,"The Cryptopals Challenges",learn;think,minimal_static,static_html,aws_s3,static,"Learn real cryptography by breaking it, in a beautifully-designed set of hands-on challenges.",false,"education web"
https://godbolt.org,"Compiler Explorer",learn;useful,modern_indie,,,,"Type code and instantly see the assembly your compiler produces — endlessly educational.",false,"tools web"
https://crontab.guru,"Crontab Guru",useful;learn,modern_indie,static_html,aws_s3,static,"Type a cron expression and get a plain-English translation — the schedule editor you needed.",false,"tools web"
https://explainshell.com,"ExplainShell",useful;learn,modern_indie,,,,"Paste any shell command and it labels every flag and pipe — a decoder ring for the terminal.",false,"tools web"
https://www.shellcheck.net,"ShellCheck",useful,modern_indie,,,,"Paste a bash script and get expert linting that catches the bugs you'd never spot yourself.",false,"tools web"
https://devdocs.io,"DevDocs",useful;learn,modern_indie,,,,"Fast, unified, offline-capable API documentation for hundreds of languages and libraries.",false,"tools web"
https://developer.mozilla.org,"MDN Web Docs",useful;learn,modern_indie,,,static,"The authoritative, community-maintained reference for everything on the web platform.",false,"reference classics"
https://caniuse.com,"Can I Use",useful;learn,modern_indie,,,,"Up-to-date browser support tables for web features — the front-end developer's reality check.",false,"tools web"
https://mermaid.live,"Mermaid Live Editor",useful,modern_indie,sveltekit,github_pages,static,"Write diagrams as text and watch them render live — flowcharts without the fiddly dragging.",false,"tools web"
https://jsoncrack.com,"JSON Crack",useful;beautiful,modern_indie,nextjs,,static,"Paste JSON and see it explode into an explorable node graph — data structure made visible.",false,"tools web"
https://jakearchibald.github.io/svgomg/,"SVGOMG",useful,modern_indie,,github_pages,static,"A friendly GUI for optimising SVG files with live preview of every byte you save.",false,"tools web"
https://cleanup.pictures,"Cleanup.pictures",useful,modern_indie,,,,"Brush over anything in a photo and it vanishes convincingly — free, in-browser object removal.",false,"tools web"
https://godly.website,"Godly",beautiful,modern_indie,,,,"An astronomically well-curated gallery of the best modern web design, updated constantly.",false,"design web"
https://land-book.com,"Land-book",beautiful,modern_indie,,,,"A huge, filterable gallery of landing-page design for when you need inspiration fast.",false,"design web"
https://www.lapa.ninja,"Lapa Ninja",beautiful,modern_indie,,,,"Best landing-page designs, sorted by category and colour — a designer's swipe file.",false,"design web"
https://minimal.gallery,"Minimal Gallery",beautiful,modern_indie,,,static,"A gallery devoted specifically to clean, restrained, minimalist website design.",false,"design web"
https://onepagelove.com,"One Page Love",beautiful,modern_indie,,,,"A long-running showcase dedicated to the art of the single-page website.",false,"design web"
https://httpster.net,"Httpster",beautiful,modern_indie,,,,"A no-nonsense gallery of great-looking real websites, updated by a discerning eye.",false,"design web"
https://www.itsnicethat.com,"It's Nice That",beautiful;think,modern_indie,,,,"Daily celebration of creativity across design, art and illustration — a genuine culture site.",false,"design web"
https://openprocessing.org,"OpenProcessing",beautiful;learn,modern_indie,,,,"A community sharing thousands of open-source generative-art sketches you can remix live.",false,"generative art"
https://inconvergent.net,"Inconvergent",beautiful;learn,minimal_static,,,,"Anders Hoff's essays and images on generative algorithms — spare, technical and gorgeous.",false,"generative art"
https://tylerxhobbs.com,"Tyler Hobbs",beautiful;learn,modern_indie,nextjs,vercel,static,"A leading generative artist writing clearly about the aesthetics and code behind the work.",false,"generative art"
https://n-e-r-v-o-u-s.com,"Nervous System",beautiful;learn,modern_indie,,,,"A design studio growing jewellery and objects from simulations of natural systems.",false,"generative art"
https://www.complexity-explorables.org,"Complexity Explorables",learn;beautiful,modern_indie,,,,"Interactive simulations of flocking, epidemics and chaos you can poke and perturb.",false,"interactive essays"
https://decisionproblem.com/paperclips/,"Universal Paperclips",waste_time;think,modern_indie,,,,"A deceptively simple clicker where you play an AI turning the universe into paperclips.",false,"web games"
https://orteil.dashnet.org/cookieclicker/,"Cookie Clicker",waste_time,modern_indie,,,,"The idle game that defined the genre — bake cookies until the numbers become absurd.",false,"web games"
https://candybox2.github.io,"Candy Box 2",waste_time,modern_indie,static_html,github_pages,static,"A text-and-ASCII adventure that hides a surprisingly deep RPG behind its plain façade.",false,"web games"
https://adarkroom.doublespeakgames.com,"A Dark Room",waste_time;think,modern_indie,,,,"A minimalist text game that slowly, brilliantly reveals it is not what you thought.",false,"web games"
https://www.puzzlescript.net,"PuzzleScript",waste_time;learn,modern_indie,,,,"An open-source engine for making and playing tiny tile-based puzzle games in the browser.",false,"web games"
https://quickdraw.withgoogle.com,"Quick, Draw!",waste_time;learn,modern_indie,,,,"Doodle against the clock while a neural net races to guess what you're drawing.",false,"Chrome Experiments"
https://thispersondoesnotexist.com,"This Person Does Not Exist",waste_time;learn,modern_indie,,,,"Refresh for an endless supply of photorealistic faces of people who never existed.",false,"AI web"
https://thisxdoesnotexist.com,"This X Does Not Exist",waste_time;learn,modern_indie,static_html,github_pages,static,"An index of 'does not exist' generators — cats, artworks, résumés, all machine-dreamed.",false,"AI web"
https://mrdoob.com/projects/harmony/,"Harmony",beautiful;waste_time,modern_indie,,github_pages,static,"Mr.doob's mesmerising sketching tool with strand-like brushes that draw themselves.",false,"net art"
https://doodles.google,"Google Doodles Archive",waste_time;learn,modern_indie,,,,"Every interactive Google Doodle, from playable Pac-Man to the Bach AI — a games trove.",false,"Chrome Experiments"
https://clickclickclick.click,"clickclickclick",waste_time;think,modern_indie,,,,"A single page that narrates your every click and hover with unnerving commentary.",false,"net art"
https://longdogechallenge.com,"Long Doge Challenge",waste_time,modern_indie,static_html,netlify,static,"Scroll to reach the end of an impossibly long dog. The dog is very long.",false,"useless web"
https://bouncingdvdlogo.com,"Bouncing DVD Logo",waste_time,modern_indie,,,,"The eternal question, finally hosted: will the DVD logo hit the corner? Watch and wait.",false,"useless web"
https://telehack.com,"Telehack",waste_time;learn,old_web,,,,"A sprawling simulation of the 1980s ARPANET/BBS world you can actually explore and play in.",false,"emulation"
https://98.js.org,"Windows 98 in the Browser",waste_time;learn,old_web,,,,"A working Windows 98 desktop running via emulation in your browser — boot it and poke around.",false,"emulation"
https://copy.sh/v86/,"v86",learn;waste_time,old_web,,,static,"Boot Linux, Windows and other real operating systems emulated in a browser tab.",false,"emulation"
https://gifcities.org,"GifCities",waste_time;beautiful,old_web,,,,"The Internet Archive's search engine for the millions of animated GIFs rescued from GeoCities.",false,"digital archives"
https://cyber.dabamos.de/88x31/,"The 88x31 GIF Collection",beautiful;waste_time,old_web,,,,"Thousands of the tiny 88×31 web buttons that once linked the whole personal web together.",false,"web history"
https://www.webdesignmuseum.org,"Web Design Museum",learn;beautiful,old_web,,,,"A gallery documenting how websites, browsers and interfaces looked from 1991 onward.",false,"web history"
https://winworldpc.com,"WinWorld",learn;useful,old_web,,,,"A museum-quality archive of old operating systems and abandonware, free to download.",false,"digital archives"
https://www.macintoshrepository.org,"Macintosh Repository",learn;useful,old_web,,,,"Preserves and shares thousands of pieces of classic Mac software for enthusiasts.",false,"digital archives"
https://digibarn.com,"DigiBarn Computer Museum",learn,old_web,,,,"A rambling personal museum of vintage computers and the counterculture around them.",false,"web history"
https://www.pcjs.org/software/,"PCjs Software Library",learn;waste_time,old_web,static_html,github_pages,static,"Run vintage DOS games and applications directly in the browser, no install needed.",false,"emulation"
https://bitsavers.org,"Bitsavers",learn,old_web,,,,"A vast archive of scanned manuals and software for computers most people have never seen.",false,"digital archives"
https://www.folklore.org,"Folklore.org",learn;think,old_web,,,,"Andy Hertzfeld's firsthand anecdotes about building the original Macintosh — history as stories.",false,"web history"
https://www.classicdosgames.com,"Classic DOS Games",waste_time;learn,old_web,,,,"A tidy old-school directory for downloading and reliving the DOS games of the 90s.",false,"web history"
https://poolside.fm/radio,"Poolside FM Radio",waste_time;beautiful,retro_personal,,netlify,static,"The pure audio stream of Poolside's sun-drenched retro playlist for working to.",false,"net art"
https://hundredrabbits.itch.io,"Hundred Rabbits (itch)",waste_time;learn,modern_indie,,,,"The playable tools and games from the sailboat collective, all free and lovingly weird.",false,"indie tech"
https://itch.io,"itch.io",waste_time;beautiful,modern_indie,,,,"The sprawling marketplace where indie game devs and experimental artists publish freely.",false,"indie games"
https://www.newgrounds.com,"Newgrounds",waste_time,retro_personal,,,,"The chaotic, decades-old home of internet animation and Flash-era games, still going strong.",false,"web history"
https://www.homestarrunner.com,"Homestar Runner",waste_time,old_web,,,,"The beloved Flash cartoon world of the early 2000s, revived and clickable once more.",false,"web history"
https://www.albinoblacksheep.com,"Albino Blacksheep",waste_time,old_web,,,,"An archive of the animations and audio that defined early-2000s internet humour.",false,"web history"
https://poignant.guide,"Why's (Poignant) Guide to Ruby",learn;waste_time,old_web,static_html,github_pages,static,"The legendary, cartoon-fox-filled programming book that reads like nothing else ever written.",false,"web history"
https://thebookofshaders.com,"The Book of Shaders",learn;beautiful,modern_indie,,,,"A gentle, gorgeously interactive introduction to fragment shaders and generative visuals.",false,"education web"
https://thecodelesscode.com,"The Codeless Code",learn;think,minimal_static,,,,"Illustrated Zen-koan fables about software engineering — funnier and wiser than it sounds.",false,"think web"
https://wtfjs.com,"WTFJS",learn;waste_time,minimal_static,,,,"A curated list of JavaScript's most baffling quirks, each one a tiny puzzle.",false,"GitHub awesome"
https://neverssl.com,"NeverSSL",useful,minimal_static,,,static,"A site that intentionally never uses HTTPS so you can trigger captive-portal logins. Genuinely useful.",false,"tools web"
https://icanhazip.com,"icanhazip",useful,minimal_static,,,,"Returns your public IP as plain text and nothing else — a sysadmin staple for two decades.",false,"tools web"
https://wttr.in,"wttr.in",useful,minimal_static,,,,"The weather as ASCII art in your browser or terminal — forecasts with zero clutter.",false,"tools web"
https://isitchristmas.com,"Is it Christmas?",waste_time,minimal_static,,,,"Answers the only question that matters with a single enormous 'NO' (or, once a year, 'YES').",false,"useless web"
https://hasthelargehadroncolliderdestroyedtheworldyet.com,"Has the LHC Destroyed the World Yet?",waste_time;learn,minimal_static,,,,"A one-word answer to humanity's most dramatic physics question — reassuringly, still 'NOPE'.",false,"useless web"
https://theuselessweb.site,"The Useless Web (mirror)",waste_time,modern_indie,,,,"An alternate portal to a random pointless site — the serendipity engine, mirrored.",false,"useless web"
https://www.zombo.com,"Zombo.com (HTML)",waste_time,old_web,,,,"The HTML5 rebuild of the infinite-possibilities classic, no Flash required.",false,"web history"
https://tholman.com,"Tim Holman",beautiful;waste_time,modern_indie,static_html,netlify,static,"A creative technologist's portfolio stuffed with playful interactive experiments.",false,"personal sites"
https://www.tholman.com/elevator.js,"elevator.js",waste_time;useful,modern_indie,static_html,netlify,static,"A tiny library that turns 'back to top' into a smooth ride, complete with elevator music.",false,"GitHub awesome"
https://boehs.org,"Ben Böhmer? no — boehs.org",think;learn,retro_personal,,,static,"A young indie developer's personal site and garden, emblematic of the new small web.",false,"small web"
https://solar.lowtechmagazine.com,"Low-Tech Magazine (Solar)",think;learn,minimal_static,hugo,,,"A blog hosted on a solar-powered server that goes offline when it's cloudy — radical and real.",false,"think web"
https://www.lowtechmagazine.com,"Low-Tech Magazine",think;learn,minimal_static,hugo,,,"Deeply-researched essays questioning whether newer technology is really progress.",false,"think web"
https://melonland.net,"MelonLand",waste_time;beautiful,retro_personal,,,,"A joyfully chaotic hub and forum for the personal-web revival, dripping with old-web spirit.",false,"small web"
https://forum.melonland.net,"MelonLand Forum",think;waste_time,retro_personal,,,,"An active old-style forum where people who build personal sites hang out and share.",false,"small web"
https://yesterweb.org/webring,"Yesterweb Webring",waste_time,retro_personal,,,,"Click through a ring of personal sites made by people rejecting the corporate web.",false,"small web"
https://links.net,"Justin's Links",think;learn,old_web,,,,"Justin Hall's home page, hand-updated since 1994 — often called the web's first personal blog.",false,"old web survivors"
https://www.berkshirehathaway.com,"Berkshire Hathaway",useful,old_web,,,static,"Warren Buffett's famously plain-HTML corporate site, essentially unchanged since the 1990s.",false,"old web survivors"
https://www.bluesnews.com,"Blue's News",useful;waste_time,old_web,,,,"PC-gaming news posted in the same dense layout continuously since 1995.",false,"old web survivors"
https://firstmonday.org,"First Monday",learn;think,old_web,,,,"One of the first peer-reviewed journals about the internet, published openly since 1996.",false,"old web survivors"
https://www.cluetrain.com,"The Cluetrain Manifesto",think,old_web,,,,"The 1999 manifesto that declared 'markets are conversations', still at its original address.",false,"old web survivors"
https://www.acme.com,"ACME Laboratories",useful;think,old_web,,,,"Jef Poskanzer's ACME Labs — decades of free software, tools and web oddities from an early tinkerer.",false,"old web survivors"
https://hacks.mit.edu,"IHTFP Hack Gallery",waste_time;learn,old_web,,,,"The gallery documenting MIT's tradition of elaborate campus hacks, online since the 1990s.",false,"old web survivors"
https://www.gnu.org,"GNU Operating System",learn;useful;think,old_web,,,,"The GNU Project's home since the 1990s — plain, unhurried HTML at the root of free software.",false,"old web survivors"
https://www.halfbakery.com,"Halfbakery",think;waste_time,old_web,,,,"A community inventing gloriously impractical ideas in unadorned text since 1999.",false,"old web survivors"
https://dannyreviews.com,"Danny Yee's Book Reviews",learn;think,old_web,,,,"Over 1,600 book reviews, hand-published continuously since 1993.",false,"old web survivors"
https://philip.greenspun.com,"Philip Greenspun's Home Page",learn;think;beautiful,old_web,,,,"A sprawling personal site — photography, aviation and web-history essays online since the mid-1990s.",false,"old web survivors"
